Voltage (V),Attenuation (dB)
0.00001,0.00001
0.001,0.001
0.002,0.001
0.004,0.001
0.005,0.001
0.006,0.001
0.007,0.001
0.009,0.001
0.01,0.001
0.011,0.001
0.012,0.001
0.013,0.001
0.015,0.001
0.016,0.001
0.017,0.001
0.018,0.001
0.02,0.001
0.021,0.001
0.022,0.001
0.023,0.001
0.024,0.001
0.026,0.001
0.027,0.001
0.028,0.001
0.029,0.001
0.031,0.001
0.032,0.001
0.033,0.001
0.034,0.001
0.035,0.001
0.037,0.001
0.038,0.001
0.039,0.001
0.04,0.001
0.042,0.001
0.043,0.001
0.044,0.001
0.045,0.001
0.046,0.001
0.048,0.001
0.049,0.001
0.05,0.001
0.051,0.001
0.053,0.001
0.054,0.001
0.055,0.001
0.056,0.001
0.057,0.001
0.059,0.001
0.06,0.001
0.061,0.001
0.062,0.001
0.064,0.001
0.065,0.001
0.066,0.001
0.067,0.001
0.068,0.001
0.07,0.001
0.071,0.001
0.072,0.001
0.073,0.001
0.074,0.001
0.076,0.001
0.077,0.001
0.078,0.001
0.079,0.001
0.081,0.001
0.082,0.001
0.083,0.001
0.084,0.001
0.085,0.001
0.087,0.001
0.088,0.001
0.089,0.001
0.09,0.001
0.092,0.001
0.093,0.001
0.094,0.001
0.095,0.001
0.096,0.001
0.098,0.001
0.099,0.001
0.1,0.001
0.101,0.001
0.103,0.001
0.104,0.001
0.105,0.001
0.106,0.001
0.107,0.001
0.109,0.001
0.11,0.001
0.111,0.001
0.112,0.001
0.114,0.001
0.115,0.001
0.116,0.001
0.117,0.001
0.118,0.001
0.12,0.001
0.121,0.001
0.122,0.001
0.123,0.001
0.125,0.001
0.126,0.001
0.127,0.001
0.128,0.001
0.129,0.001
0.131,0.001
0.132,0.001
0.133,0.001
0.134,0.001
0.136,0.001
0.137,0.001
0.138,0.001
0.139,0.001
0.14,0.001
0.142,0.001
0.143,0.001
0.144,0.001
0.145,0.001
0.147,0.001
0.148,0.001
0.149,0.001
0.15,0.001
0.151,0.001
0.153,0.001
0.154,0.001
0.155,0.001
0.156,0.001
0.158,0.001
0.159,0.001
0.16,0.001
0.161,0.001
0.162,0.001
0.164,0.001
0.165,0.001
0.166,0.001
0.167,0.001
0.169,0.001
0.17,0.001
0.171,0.001
0.172,0.001
0.173,0.001
0.175,0.001
0.176,0.001
0.177,0.001
0.178,0.001
0.18,0.001
0.181,0.001
0.182,0.001
0.183,0.001
0.184,0.001
0.186,0.001
0.187,0.001
0.188,0.001
0.189,0.001
0.191,0.001
0.192,0.001
0.193,0.001
0.194,0.001
0.195,0.001
0.197,0.001
0.198,0.001
0.199,0.001
0.2,0.001
0.202,0.001
0.203,0.001
0.204,0.001
0.205,0.001
0.206,0.001
0.208,0.001
0.209,0.001
0.21,0.001
0.211,0.001
0.213,0.001
0.214,0.001
0.215,0.001
0.216,0.001
0.217,0.001
0.219,0.001
0.22,0.001
0.221,0.001
0.222,0.001
0.223,0.001
0.225,0.001
0.226,0.001
0.227,0.001
0.228,0.001
0.23,0.001
0.231,0.001
0.232,0.001
0.233,0.001
0.234,0.001
0.236,0.001
0.237,0.001
0.238,0.001
0.239,0.001
0.241,0.001
0.242,0.001
0.243,0.001
0.244,0.001
0.245,0.001
0.247,0.001
0.248,0.001
0.249,0.001
0.25,0.001
0.252,0.001
0.253,0.001
0.254,0.001
0.255,0.001
0.256,0.001
0.258,0.001
0.259,0.001
0.26,0.001
0.261,0.001
0.263,0.001
0.264,0.001
0.265,0.001
0.266,0.001
0.267,0.001
0.269,0.001
0.27,0.001
0.271,0.001
0.272,0.001
0.274,0.001
0.275,0.001
0.276,0.001
0.277,0.001
0.278,0.001
0.28,0.001
0.281,0.001
0.282,0.001
0.283,0.001
0.285,0.001
0.286,0.001
0.287,0.001
0.288,0.001
0.289,0.001
0.291,0.001
0.292,0.001
0.293,0.001
0.294,0.001
0.296,0.001
0.297,0.001
0.298,0.001
0.299,0.001
0.3,0.001
0.302,0.001
0.303,0.001
0.304,0.001
0.305,0.001
0.307,0.001
0.308,0.001
0.309,0.001
0.31,0.001
0.311,0.001
0.313,0.001
0.314,0.001
0.315,0.001
0.316,0.001
0.318,0.001
0.319,0.001
0.32,0.001
0.321,0.001
0.322,0.001
0.324,0.001
0.325,0.001
0.326,0.001
0.327,0.001
0.329,0.001
0.33,0.001
0.331,0.001
0.332,0.001
0.333,0.001
0.335,0.001
0.336,0.001
0.337,0.001
0.338,0.001
0.34,0.001
0.341,0.001
0.342,0.001
0.343,0.001
0.344,0.001
0.346,0.001
0.347,0.001
0.348,0.001
0.349,0.001
0.351,0.001
0.352,0.001
0.353,0.001
0.354,0.001
0.355,0.001
0.357,0.001
0.358,0.001
0.359,0.001
0.36,0.001
0.362,0.001
0.363,0.001
0.364,0.001
0.365,0.001
0.366,0.001
0.368,0.001
0.369,0.001
0.37,0.001
0.371,0.001
0.372,0.001
0.374,0.001
0.375,0.001
0.376,0.001
0.377,0.001
0.379,0.001
0.38,0.001
0.381,0.001
0.382,0.001
0.383,0.001
0.385,0.001
0.386,0.001
0.387,0.001
0.388,0.001
0.39,0.001
0.391,0.001
0.392,0.001
0.393,0.001
0.394,0.001
0.396,0.001
0.397,0.001
0.398,0.001
0.399,0.001
0.401,0.001
0.402,0.001
0.403,0.001
0.404,0.001
0.405,0.001
0.407,0.001
0.408,0.001
0.409,0.001
0.41,0.001
0.412,0.001
0.413,0.001
0.414,0.001
0.415,0.001
0.416,0.001
0.418,0.001
0.419,0.001
0.42,0.001
0.421,0.001
0.423,0.001
0.424,0.001
0.425,0.001
0.426,0.001
0.427,0.001
0.429,0.001
0.43,0.001
0.431,0.001
0.432,0.001
0.434,0.001
0.435,0.001
0.436,0.001
0.437,0.001
0.438,0.001
0.44,0.001
0.441,0.001
0.442,0.001
0.443,0.001
0.445,0.001
0.446,0.001
0.447,0.001
0.448,0.001
0.449,0.001
0.451,0.001
0.452,0.001
0.453,0.001
0.454,0.001
0.456,0.001
0.457,0.001
0.458,0.001
0.459,0.001
0.46,0.001
0.462,0.001
0.463,0.001
0.464,0.001
0.465,0.001
0.467,0.001
0.468,0.001
0.469,0.001
0.47,0.001
0.471,0.001
0.473,0.001
0.474,0.001
0.475,0.001
0.476,0.001
0.478,0.001
0.479,0.001
0.48,0.001
0.481,0.001
0.482,0.001
0.484,0.001
0.485,0.001
0.486,0.001
0.487,0.001
0.489,0.001
0.49,0.001
0.491,0.001
0.492,0.001
0.493,0.001
0.495,0.001
0.496,0.001
0.497,0.001
0.498,0.001
0.5,0.001
0.501,0.001
0.502,0.001
0.503,0.001
0.504,0.001
0.506,0.001
0.507,0.001
0.508,0.001
0.509,0.001
0.511,0.001
0.512,0.001
0.513,0.001
0.514,0.001
0.515,0.001
0.517,0.001
0.518,0.001
0.519,0.001
0.52,0.001
0.521,0.001
0.523,0.001
0.524,0.001
0.525,0.001
0.526,0.001
0.528,0.001
0.529,0.001
0.53,0.001
0.531,0.001
0.532,0.001
0.534,0.001
0.535,0.001
0.536,0.001
0.537,0.001
0.539,0.001
0.54,0.001
0.541,0.001
0.542,0.001
0.543,0.001
0.545,0.001
0.546,0.001
0.547,0.001
0.548,0.001
0.55,0.001
0.551,0.001
0.552,0.001
0.553,0.001
0.554,0.001
0.556,0.001
0.557,0.001
0.558,0.001
0.559,0.001
0.561,0.001
0.562,0.001
0.563,0.001
0.564,0.001
0.565,0.001
0.567,0.001
0.568,0.001
0.569,0.001
0.57,0.001
0.572,0.001
0.573,0.001
0.574,0.001
0.575,0.001
0.576,0.001
0.578,0.001
0.579,0.001
0.58,0.001
0.581,0.001
0.583,0.001
0.584,0.001
0.585,0.001
0.586,0.001
0.587,0.001
0.589,0.001
0.59,0.001
0.591,0.001
0.592,0.001
0.594,0.001
0.595,0.001
0.596,0.001
0.597,0.001
0.598,0.001
0.6,0.001
0.601,0.001
0.602,0.001
0.603,0.001
0.605,0.001
0.606,0.001
0.607,0.001
0.608,0.001
0.609,0.001
0.611,0.001
0.612,0.001
0.613,0.001
0.614,0.001
0.616,0.001
0.617,0.001
0.618,0.001
0.619,0.001
0.62,0.001
0.622,0.001
0.623,0.001
0.624,0.001
0.625,0.001
0.627,0.001
0.628,0.001
0.629,0.001
0.63,0.001
0.631,0.001
0.633,0.001
0.634,0.001
0.635,0.001
0.636,0.001
0.638,0.001
0.639,0.001
0.64,0.001
0.641,0.001
0.642,0.001
0.644,0.001
0.645,0.001
0.646,0.001
0.647,0.01
0.649,0.01
0.65,0.01
0.651,0.01
0.652,0.01
0.653,0.01
0.655,0.01
0.656,0.01
0.657,0.01
0.658,0.01
0.66,0.01
0.661,0.01
0.662,0.01
0.663,0.01
0.664,0.01
0.666,0.01
0.667,0.01
0.668,0.01
0.669,0.01
0.67,0.01
0.672,0.01
0.673,0.01
0.674,0.01
0.675,0.01
0.677,0.01
0.678,0.01
0.679,0.01
0.68,0.01
0.681,0.01
0.683,0.01
0.684,0.01
0.685,0.01
0.686,0.01
0.688,0.01
0.689,0.01
0.69,0.01
0.691,0.01
0.692,0.01
0.694,0.01
0.695,0.01
0.696,0.01
0.697,0.01
0.699,0.01
0.7,0.01
0.701,0.01
0.702,0.01
0.703,0.01
0.705,0.01
0.706,0.01
0.707,0.01
0.708,0.01
0.71,0.01
0.711,0.01
0.712,0.01
0.713,0.01
0.714,0.01
0.716,0.01
0.717,0.01
0.718,0.01
0.719,0.01
0.721,0.01
0.722,0.01
0.723,0.01
0.724,0.01
0.725,0.01
0.727,0.01
0.728,0.01
0.729,0.01
0.73,0.01
0.732,0.01
0.733,0.01
0.734,0.01
0.735,0.01
0.736,0.01
0.738,0.01
0.739,0.01
0.74,0.01
0.741,0.01
0.743,0.01
0.744,0.01
0.745,0.01
0.746,0.01
0.747,0.01
0.749,0.01
0.75,0.01
0.751,0.01
0.752,0.01
0.754,0.01
0.755,0.01
0.756,0.01
0.757,0.01
0.758,0.01
0.76,0.01
0.761,0.01
0.762,0.01
0.763,0.01
0.765,0.01
0.766,0.01
0.767,0.01
0.768,0.01
0.769,0.01
0.771,0.01
0.772,0.01
0.773,0.01
0.774,0.01
0.776,0.01
0.777,0.02
0.778,0.01
0.779,0.01
0.78,0.01
0.782,0.01
0.783,0.01
0.784,0.01
0.785,0.01
0.787,0.01
0.788,0.01
0.789,0.01
0.79,0.01
0.791,0.01
0.793,0.01
0.794,0.01
0.795,0.01
0.796,0.01
0.798,0.01
0.799,0.01
0.8,0.01
0.801,0.01
0.802,0.01
0.804,0.01
0.805,0.01
0.806,0.01
0.807,0.01
0.809,0.01
0.81,0.01
0.811,0.01
0.812,0.01
0.813,0.01
0.815,0.01
0.816,0.01
0.817,0.01
0.818,0.01
0.819,0.01
0.821,0.01
0.822,0.01
0.823,0.01
0.824,0.02
0.826,0.02
0.827,0.02
0.828,0.02
0.829,0.02
0.83,0.02
0.832,0.02
0.833,0.02
0.834,0.02
0.835,0.02
0.837,0.02
0.838,0.02
0.839,0.02
0.84,0.02
0.841,0.02
0.843,0.02
0.844,0.02
0.845,0.02
0.846,0.02
0.848,0.02
0.849,0.02
0.85,0.02
0.851,0.02
0.852,0.02
0.854,0.02
0.855,0.02
0.856,0.02
0.857,0.02
0.859,0.02
0.86,0.02
0.861,0.02
0.862,0.02
0.863,0.02
0.865,0.02
0.866,0.02
0.867,0.02
0.868,0.02
0.87,0.02
0.871,0.02
0.872,0.02
0.873,0.02
0.874,0.02
0.876,0.02
0.877,0.02
0.878,0.02
0.879,0.02
0.881,0.02
0.882,0.02
0.883,0.02
0.884,0.02
0.885,0.02
0.887,0.02
0.888,0.02
0.889,0.02
0.89,0.02
0.892,0.02
0.893,0.02
0.894,0.02
0.895,0.02
0.896,0.02
0.898,0.02
0.899,0.02
0.9,0.02
0.901,0.02
0.903,0.02
0.904,0.02
0.905,0.02
0.906,0.02
0.907,0.02
0.909,0.02
0.91,0.02
0.911,0.02
0.912,0.02
0.914,0.02
0.915,0.02
0.916,0.02
0.917,0.02
0.918,0.02
0.92,0.02
0.921,0.02
0.922,0.02
0.923,0.02
0.925,0.02
0.926,0.02
0.927,0.02
0.928,0.02
0.929,0.02
0.931,0.03
0.932,0.03
0.933,0.03
0.934,0.03
0.936,0.03
0.937,0.03
0.938,0.03
0.939,0.03
0.94,0.03
0.942,0.03
0.943,0.03
0.944,0.03
0.945,0.03
0.947,0.03
0.948,0.03
0.949,0.03
0.95,0.03
0.951,0.03
0.953,0.03
0.954,0.03
0.955,0.03
0.956,0.03
0.957,0.03
0.959,0.03
0.96,0.03
0.961,0.03
0.962,0.03
0.964,0.03
0.965,0.03
0.966,0.03
0.967,0.03
0.968,0.03
0.97,0.03
0.971,0.03
0.972,0.03
0.973,0.03
0.975,0.03
0.976,0.03
0.977,0.03
0.978,0.03
0.979,0.03
0.981,0.03
0.982,0.03
0.983,0.03
0.984,0.03
0.986,0.03
0.987,0.03
0.988,0.03
0.989,0.03
0.99,0.03
0.992,0.03
0.993,0.03
0.994,0.03
0.995,0.03
0.997,0.03
0.998,0.03
0.999,0.03
1,0.03
1.001,0.03
1.003,0.03
1.004,0.03
1.005,0.03
1.006,0.03
1.008,0.03
1.009,0.03
1.01,0.03
1.011,0.03
1.012,0.03
1.014,0.03
1.015,0.04
1.016,0.04
1.017,0.08
1.019,0.04
1.02,0.04
1.021,0.04
1.022,0.04
1.023,0.04
1.025,0.04
1.026,0.04
1.027,0.04
1.028,0.04
1.03,0.04
1.031,0.04
1.032,0.04
1.033,0.04
1.034,0.04
1.036,0.04
1.037,0.04
1.038,0.04
1.039,0.04
1.041,0.04
1.042,0.04
1.043,0.04
1.044,0.04
1.045,0.04
1.047,0.04
1.048,0.04
1.049,0.04
1.05,0.04
1.052,0.04
1.053,0.04
1.054,0.04
1.055,0.04
1.056,0.04
1.058,0.04
1.059,0.04
1.06,0.04
1.061,0.04
1.063,0.04
1.064,0.04
1.065,0.04
1.066,0.04
1.067,0.04
1.069,0.04
1.07,0.04
1.071,0.04
1.072,0.04
1.074,0.04
1.075,0.04
1.076,0.04
1.077,0.04
1.078,0.04
1.08,0.04
1.081,0.04
1.082,0.05
1.083,0.05
1.085,0.05
1.086,0.05
1.087,0.05
1.088,0.05
1.089,0.05
1.091,0.05
1.092,0.05
1.093,0.05
1.094,0.05
1.096,0.05
1.097,0.05
1.098,0.05
1.099,0.05
1.1,0.05
1.102,0.05
1.103,0.05
1.104,0.05
1.105,0.05
1.106,0.05
1.108,0.05
1.109,0.05
1.11,0.05
1.111,0.05
1.113,0.05
1.114,0.05
1.115,0.05
1.116,0.05
1.117,0.05
1.119,0.05
1.12,0.05
1.121,0.05
1.122,0.05
1.124,0.05
1.125,0.05
1.126,0.05
1.127,0.05
1.128,0.05
1.13,0.05
1.131,0.05
1.132,0.05
1.133,0.05
1.135,0.06
1.136,0.06
1.137,0.06
1.138,0.06
1.139,0.06
1.141,0.06
1.142,0.06
1.143,0.06
1.144,0.06
1.146,0.06
1.147,0.06
1.148,0.06
1.149,0.06
1.15,0.06
1.152,0.06
1.153,0.06
1.154,0.06
1.155,0.06
1.157,0.06
1.158,0.06
1.159,0.06
1.16,0.06
1.161,0.06
1.163,0.06
1.164,0.06
1.165,0.06
1.166,0.06
1.168,0.06
1.169,0.06
1.17,0.06
1.171,0.06
1.172,0.06
1.174,0.06
1.175,0.06
1.176,0.06
1.177,0.06
1.179,0.06
1.18,0.06
1.181,0.06
1.182,0.06
1.183,0.06
1.185,0.06
1.186,0.06
1.187,0.07
1.188,0.07
1.19,0.07
1.191,0.07
1.192,0.07
1.193,0.07
1.194,0.07
1.196,0.07
1.197,0.07
1.198,0.07
1.199,0.07
1.201,0.07
1.202,0.07
1.203,0.07
1.204,0.07
1.205,0.07
1.207,0.07
1.208,0.07
1.209,0.07
1.21,0.07
1.212,0.07
1.213,0.07
1.214,0.07
1.215,0.07
1.216,0.07
1.218,0.07
1.219,0.07
1.22,0.07
1.221,0.07
1.223,0.07
1.224,0.07
1.225,0.08
1.226,0.08
1.227,0.08
1.229,0.08
1.23,0.08
1.231,0.08
1.232,0.08
1.234,0.08
1.235,0.08
1.236,0.08
1.237,0.08
1.238,0.08
1.24,0.08
1.241,0.08
1.242,0.08
1.243,0.08
1.245,0.08
1.246,0.08
1.247,0.08
1.248,0.08
1.249,0.08
1.251,0.08
1.252,0.08
1.253,0.08
1.254,0.08
1.255,0.08
1.257,0.08
1.258,0.08
1.259,0.08
1.26,0.08
1.262,0.08
1.263,0.08
1.264,0.09
1.265,0.09
1.266,0.09
1.268,0.09
1.269,0.09
1.27,0.09
1.271,0.09
1.273,0.09
1.274,0.09
1.275,0.09
1.276,0.09
1.277,0.09
1.279,0.09
1.28,0.09
1.281,0.09
1.282,0.09
1.284,0.09
1.285,0.09
1.286,0.09
1.287,0.09
1.288,0.09
1.29,0.09
1.291,0.09
1.292,0.09
1.293,0.09
1.295,0.09
1.296,0.09
1.297,0.09
1.298,0.1
1.299,0.1
1.301,0.1
1.302,0.1
1.303,0.1
1.304,0.1
1.306,0.1
1.307,0.1
1.308,0.1
1.309,0.1
1.31,0.1
1.312,0.1
1.313,0.1
1.314,0.1
1.315,0.1
1.317,0.1
1.318,0.1
1.319,0.1
1.32,0.1
1.321,0.1
1.323,0.1
1.324,0.1
1.325,0.1
1.326,0.1
1.328,0.1
1.329,0.1
1.33,0.1
1.331,0.1
1.332,0.1
1.334,0.1
1.335,0.1
1.336,0.11
1.337,0.11
1.339,0.11
1.34,0.11
1.341,0.11
1.342,0.11
1.343,0.11
1.345,0.11
1.346,0.11
1.347,0.11
1.348,0.11
1.35,0.11
1.351,0.11
1.352,0.11
1.353,0.11
1.354,0.11
1.356,0.11
1.357,0.11
1.358,0.11
1.359,0.11
1.361,0.11
1.362,0.11
1.363,0.12
1.364,0.12
1.365,0.12
1.367,0.12
1.368,0.11
1.369,0.11
1.37,0.12
1.372,0.12
1.373,0.12
1.374,0.12
1.375,0.12
1.376,0.12
1.378,0.12
1.379,0.12
1.38,0.12
1.381,0.12
1.383,0.12
1.384,0.12
1.385,0.12
1.386,0.12
1.387,0.12
1.389,0.12
1.39,0.12
1.391,0.12
1.392,0.12
1.394,0.12
1.395,0.12
1.396,0.12
1.397,0.13
1.398,0.13
1.4,0.13
1.401,0.13
1.402,0.13
1.403,0.13
1.404,0.13
1.406,0.13
1.407,0.13
1.408,0.13
1.409,0.13
1.411,0.13
1.412,0.13
1.413,0.13
1.414,0.13
1.415,0.13
1.417,0.14
1.418,0.14
1.419,0.14
1.42,0.14
1.422,0.14
1.423,0.14
1.424,0.14
1.425,0.14
1.426,0.14
1.428,0.14
1.429,0.14
1.43,0.14
1.431,0.14
1.433,0.14
1.434,0.14
1.435,0.14
1.436,0.14
1.437,0.14
1.439,0.14
1.44,0.14
1.441,0.14
1.442,0.14
1.444,0.14
1.445,0.14
1.446,0.14
1.447,0.14
1.448,0.15
1.45,0.15
1.451,0.15
1.452,0.15
1.453,0.15
1.455,0.15
1.456,0.15
1.457,0.15
1.458,0.15
1.459,0.15
1.461,0.15
1.462,0.15
1.463,0.15
1.464,0.15
1.466,0.15
1.467,0.15
1.468,0.16
1.469,0.16
1.47,0.16
1.472,0.16
1.473,0.16
1.474,0.16
1.475,0.16
1.477,0.16
1.478,0.16
1.479,0.16
1.48,0.16
1.481,0.16
1.483,0.16
1.484,0.16
1.485,0.16
1.486,0.16
1.488,0.16
1.489,0.16
1.49,0.17
1.491,0.17
1.492,0.17
1.494,0.17
1.495,0.17
1.496,0.17
1.497,0.17
1.499,0.17
1.5,0.17
1.501,0.17
1.502,0.17
1.503,0.17
1.505,0.17
1.506,0.17
1.507,0.17
1.508,0.17
1.51,0.17
1.511,0.17
1.512,0.17
1.513,0.18
1.514,0.18
1.516,0.18
1.517,0.18
1.518,0.18
1.519,0.18
1.521,0.18
1.522,0.18
1.523,0.18
1.524,0.18
1.525,0.18
1.527,0.18
1.528,0.18
1.529,0.18
1.53,0.19
1.532,0.19
1.533,0.19
1.534,0.19
1.535,0.19
1.536,0.19
1.538,0.19
1.539,0.19
1.54,0.19
1.541,0.19
1.543,0.19
1.544,0.19
1.545,0.19
1.546,0.19
1.547,0.19
1.549,0.19
1.55,0.19
1.551,0.19
1.552,0.19
1.553,0.2
1.555,0.2
1.556,0.2
1.557,0.2
1.558,0.2
1.56,0.2
1.561,0.2
1.562,0.2
1.563,0.2
1.564,0.2
1.566,0.2
1.567,0.2
1.568,0.2
1.569,0.2
1.571,0.2
1.572,0.2
1.573,0.21
1.574,0.21
1.575,0.21
1.577,0.2
1.578,0.2
1.579,0.21
1.58,0.21
1.582,0.21
1.583,0.21
1.584,0.21
1.585,0.21
1.586,0.21
1.588,0.21
1.589,0.22
1.59,0.22
1.591,0.22
1.593,0.22
1.594,0.22
1.595,0.22
1.596,0.22
1.597,0.22
1.599,0.22
1.6,0.22
1.601,0.22
1.602,0.22
1.604,0.22
1.605,0.22
1.606,0.22
1.607,0.22
1.608,0.22
1.61,0.23
1.611,0.23
1.612,0.23
1.613,0.23
1.615,0.23
1.616,0.23
1.617,0.23
1.618,0.23
1.619,0.23
1.621,0.23
1.622,0.24
1.623,0.24
1.624,0.24
1.626,0.24
1.627,0.24
1.628,0.24
1.629,0.24
1.63,0.24
1.632,0.24
1.633,0.24
1.634,0.24
1.635,0.24
1.637,0.24
1.638,0.24
1.639,0.25
1.64,0.25
1.641,0.24
1.643,0.24
1.644,0.25
1.645,0.25
1.646,0.25
1.648,0.25
1.649,0.25
1.65,0.25
1.651,0.25
1.652,0.25
1.654,0.25
1.655,0.25
1.656,0.26
1.657,0.26
1.659,0.26
1.66,0.26
1.661,0.26
1.662,0.26
1.663,0.26
1.665,0.26
1.666,0.26
1.667,0.26
1.668,0.26
1.67,0.26
1.671,0.26
1.672,0.26
1.673,0.26
1.674,0.26
1.676,0.27
1.677,0.27
1.678,0.27
1.679,0.27
1.681,0.27
1.682,0.27
1.683,0.27
1.684,0.27
1.685,0.27
1.687,0.27
1.688,0.28
1.689,0.28
1.69,0.28
1.691,0.28
1.693,0.28
1.694,0.28
1.695,0.28
1.696,0.28
1.698,0.28
1.699,0.28
1.7,0.29
1.701,0.29
1.702,0.28
1.704,0.29
1.705,0.29
1.706,0.29
1.707,0.29
1.709,0.29
1.71,0.29
1.711,0.29
1.712,0.29
1.713,0.29
1.715,0.29
1.716,0.29
1.717,0.29
1.718,0.29
1.72,0.29
1.721,0.3
1.722,0.3
1.723,0.3
1.724,0.3
1.726,0.3
1.727,0.3
1.728,0.31
1.729,0.31
1.731,0.3
1.732,0.3
1.733,0.31
1.734,0.31
1.735,0.31
1.737,0.31
1.738,0.31
1.739,0.32
1.74,0.31
1.742,0.31
1.743,0.31
1.744,0.31
1.745,0.31
1.746,0.31
1.748,0.32
1.749,0.32
1.75,0.32
1.751,0.32
1.753,0.32
1.754,0.32
1.755,0.32
1.756,0.32
1.757,0.32
1.759,0.33
1.76,0.33
1.761,0.33
1.762,0.33
1.764,0.33
1.765,0.33
1.766,0.33
1.767,0.33
1.768,0.33
1.77,0.33
1.771,0.34
1.772,0.34
1.773,0.34
1.775,0.34
1.776,0.34
1.777,0.34
1.778,0.34
1.779,0.34
1.781,0.34
1.782,0.34
1.783,0.35
1.784,0.35
1.786,0.35
1.787,0.35
1.788,0.35
1.789,0.35
1.79,0.36
1.792,0.36
1.793,0.35
1.794,0.35
1.795,0.36
1.797,0.36
1.798,0.36
1.799,0.36
1.8,0.36
1.801,0.36
1.803,0.36
1.804,0.36
1.805,0.36
1.806,0.36
1.808,0.37
1.809,0.37
1.81,0.37
1.811,0.37
1.812,0.37
1.814,0.37
1.815,0.37
1.816,0.37
1.817,0.37
1.819,0.37
1.82,0.38
1.821,0.38
1.822,0.38
1.823,0.38
1.825,0.39
1.826,0.39
1.827,0.39
1.828,0.39
1.83,0.38
1.831,0.38
1.832,0.39
1.833,0.39
1.834,0.39
1.836,0.39
1.837,0.4
1.838,0.4
1.839,0.4
1.84,0.4
1.842,0.39
1.843,0.39
1.844,0.4
1.845,0.4
1.847,0.41
1.848,0.41
1.849,0.41
1.85,0.41
1.851,0.41
1.853,0.41
1.854,0.41
1.855,0.41
1.856,0.41
1.858,0.41
1.859,0.41
1.86,0.41
1.861,0.41
1.862,0.42
1.864,0.42
1.865,0.42
1.866,0.42
1.867,0.42
1.869,0.42
1.87,0.42
1.871,0.42
1.872,0.43
1.873,0.43
1.875,0.43
1.876,0.43
1.877,0.43
1.878,0.43
1.88,0.43
1.881,0.43
1.882,0.43
1.883,0.43
1.884,0.43
1.886,0.43
1.887,0.45
1.888,0.44
1.889,0.44
1.891,0.44
1.892,0.44
1.893,0.45
1.894,0.45
1.895,0.45
1.897,0.45
1.898,0.45
1.899,0.45
1.9,0.45
1.902,0.45
1.903,0.46
1.904,0.46
1.905,0.46
1.906,0.46
1.908,0.46
1.909,0.47
1.91,0.47
1.911,0.47
1.913,0.47
1.914,0.46
1.915,0.46
1.916,0.48
1.917,0.48
1.919,0.47
1.92,0.47
1.921,0.49
1.922,0.48
1.924,0.48
1.925,0.48
1.926,0.48
1.927,0.48
1.928,0.48
1.93,0.49
1.931,0.49
1.932,0.48
1.933,0.48
1.935,0.48
1.936,0.48
1.937,0.49
1.938,0.49
1.939,0.5
1.941,0.5
1.942,0.49
1.943,0.49
1.944,0.5
1.946,0.5
1.947,0.5
1.948,0.5
1.949,0.5
1.95,0.5
1.952,0.51
1.953,0.51
1.954,0.51
1.955,0.51
1.957,0.52
1.958,0.52
1.959,0.52
1.96,0.52
1.961,0.52
1.963,0.52
1.964,0.53
1.965,0.53
1.966,0.52
1.968,0.52
1.969,0.53
1.97,0.53
1.971,0.54
1.972,0.53
1.974,0.53
1.975,0.53
1.976,0.54
1.977,0.54
1.979,0.54
1.98,0.55
1.981,0.55
1.982,0.54
1.983,0.54
1.985,0.54
1.986,0.54
1.987,0.54
1.988,0.56
1.989,0.55
1.991,0.55
1.992,0.55
1.993,0.55
1.994,0.55
1.996,0.56
1.997,0.56
1.998,0.56
1.999,0.56
2,0.58
2.002,0.57
2.003,0.59
2.004,0.58
2.005,0.57
2.007,0.57
2.008,0.57
2.009,0.57
2.01,0.58
2.011,0.58
2.013,0.59
2.014,0.58
2.015,0.59
2.016,0.58
2.018,0.58
2.019,0.58
2.02,0.58
2.021,0.58
2.022,0.6
2.024,0.59
2.025,0.61
2.026,0.6
2.027,0.61
2.029,0.6
2.03,0.6
2.031,0.6
2.032,0.61
2.033,0.61
2.035,0.61
2.036,0.61
2.037,0.62
2.038,0.61
2.04,0.63
2.041,0.62
2.042,0.61
2.043,0.61
2.044,0.63
2.046,0.63
2.047,0.62
2.048,0.62
2.049,0.64
2.051,0.63
2.052,0.62
2.053,0.62
2.054,0.64
2.055,0.64
2.057,0.64
2.058,0.64
2.059,0.64
2.06,0.64
2.062,0.64
2.063,0.64
2.064,0.64
2.065,0.66
2.066,0.65
2.068,0.65
2.069,0.67
2.07,0.66
2.071,0.66
2.073,0.67
2.074,0.66
2.075,0.66
2.076,0.66
2.077,0.65
2.079,0.65
2.08,0.66
2.081,0.66
2.082,0.68
2.084,0.67
2.085,0.69
2.086,0.68
2.087,0.7
2.088,0.69
2.09,0.69
2.091,0.69
2.092,0.7
2.093,0.7
2.095,0.7
2.096,0.69
2.097,0.7
2.098,0.69
2.099,0.71
2.101,0.7
2.102,0.7
2.103,0.7
2.104,0.7
2.106,0.7
2.107,0.72
2.108,0.71
2.109,0.73
2.11,0.72
2.112,0.73
2.113,0.72
2.114,0.71
2.115,0.71
2.117,0.72
2.118,0.72
2.119,0.73
2.12,0.72
2.121,0.74
2.123,0.73
2.124,0.75
2.125,0.74
2.126,0.72
2.128,0.72
2.129,0.74
2.13,0.74
2.131,0.75
2.132,0.74
2.134,0.75
2.135,0.74
2.136,0.76
2.137,0.75
2.138,0.74
2.14,0.74
2.141,0.74
2.142,0.74
2.143,0.77
2.145,0.76
2.146,0.77
2.147,0.76
2.148,0.76
2.149,0.76
2.151,0.76
2.152,0.76
2.153,0.76
2.154,0.76
2.156,0.79
2.157,0.78
2.158,0.79
2.159,0.78
2.16,0.78
2.162,0.79
2.163,0.78
2.164,0.78
2.165,0.79
2.167,0.79
2.168,0.81
2.169,0.8
2.17,0.81
2.171,0.8
2.173,0.81
2.174,0.8
2.175,0.8
2.176,0.81
2.178,0.81
2.179,0.81
2.18,0.82
2.181,0.81
2.182,0.83
2.184,0.82
2.185,0.83
2.186,0.83
2.187,0.82
2.189,0.83
2.19,0.83
2.191,0.83
2.192,0.84
2.193,0.83
2.195,0.85
2.196,0.84
2.197,0.84
2.198,0.85
2.2,0.84
2.201,0.85
2.202,0.84
2.203,0.84
2.204,0.87
2.206,0.86
2.207,0.87
2.208,0.86
2.209,0.88
2.211,0.88
2.212,0.86
2.213,0.87
2.214,0.87
2.215,0.87
2.217,0.88
2.218,0.87
2.219,0.89
2.22,0.88
2.222,0.88
2.223,0.89
2.224,0.89
2.225,0.9
2.226,0.9
2.228,0.91
2.229,0.91
2.23,0.91
2.231,0.91
2.233,0.91
2.234,0.91
2.235,0.93
2.236,0.92
2.237,0.92
2.239,0.91
2.24,0.92
2.241,0.92
2.242,0.92
2.244,0.93
2.245,0.91
2.246,0.91
2.247,0.94
2.248,0.93
2.25,0.95
2.251,0.94
2.252,0.95
2.253,0.95
2.255,0.94
2.256,0.95
2.257,0.93
2.258,0.93
2.259,0.97
2.261,0.96
2.262,0.96
2.263,0.95
2.264,0.98
2.266,0.98
2.267,0.97
2.268,0.98
2.269,0.98
2.27,0.98
2.272,1
2.273,0.99
2.274,0.99
2.275,0.98
2.277,0.99
2.278,0.99
2.279,0.98
2.28,0.99
2.281,1
2.283,0.99
2.284,1.01
2.285,1
2.286,1.01
2.287,1
2.289,1.01
2.29,1.01
2.291,1.01
2.292,1.02
2.294,1.01
2.295,1.01
2.296,1.03
2.297,1.02
2.298,1.03
2.3,1.02
2.301,1.02
2.302,1.03
2.303,1.02
2.305,1.02
2.306,1.05
2.307,1.04
2.308,1.05
2.309,1.05
2.311,1.04
2.312,1.05
2.313,1.05
2.314,1.04
2.316,1.07
2.317,1.06
2.318,1.09
2.319,1.08
2.32,1.07
2.322,1.07
2.323,1.07
2.324,1.09
2.325,1.07
2.327,1.06
2.328,1.08
2.329,1.07
2.33,1.1
2.331,1.09
2.333,1.1
2.334,1.1
2.335,1.09
2.336,1.09
2.338,1.11
2.339,1.1
2.34,1.11
2.341,1.1
2.342,1.12
2.344,1.11
2.345,1.11
2.346,1.12
2.347,1.11
2.349,1.14
2.35,1.14
2.351,1.15
2.352,1.15
2.353,1.14
2.355,1.13
2.356,1.15
2.357,1.14
2.358,1.15
2.36,1.14
2.361,1.15
2.362,1.15
2.363,1.15
2.364,1.15
2.366,1.16
2.367,1.16
2.368,1.17
2.369,1.16
2.371,1.18
2.372,1.17
2.373,1.19
2.374,1.19
2.375,1.18
2.377,1.18
2.378,1.19
2.379,1.18
2.38,1.2
2.382,1.19
2.383,1.2
2.384,1.19
2.385,1.21
2.386,1.21
2.388,1.21
2.389,1.21
2.39,1.22
2.391,1.21
2.393,1.23
2.394,1.22
2.395,1.23
2.396,1.22
2.397,1.24
2.399,1.24
2.4,1.24
2.401,1.24
2.402,1.25
2.404,1.25
2.405,1.24
2.406,1.23
2.407,1.24
2.408,1.24
2.41,1.24
2.411,1.27
2.412,1.27
2.413,1.26
2.415,1.26
2.416,1.28
2.417,1.28
2.418,1.28
2.419,1.28
2.421,1.29
2.422,1.29
2.423,1.3
2.424,1.3
2.426,1.3
2.427,1.3
2.428,1.29
2.429,1.29
2.43,1.3
2.432,1.3
2.433,1.32
2.434,1.32
2.435,1.34
2.436,1.34
2.438,1.32
2.439,1.33
2.44,1.34
2.441,1.34
2.443,1.33
2.444,1.33
2.445,1.34
2.446,1.34
2.447,1.35
2.449,1.35
2.45,1.35
2.451,1.35
2.452,1.36
2.454,1.36
2.455,1.37
2.456,1.37
2.457,1.4
2.458,1.4
2.46,1.4
2.461,1.4
2.462,1.39
2.463,1.39
2.465,1.39
2.466,1.39
2.467,1.39
2.468,1.39
2.469,1.4
2.471,1.4
2.472,1.42
2.473,1.42
2.474,1.43
2.476,1.43
2.477,1.43
2.478,1.43
2.479,1.42
2.48,1.42
2.482,1.44
2.483,1.44
2.484,1.44
2.485,1.44
2.487,1.45
2.488,1.45
2.489,1.43
2.49,1.43
2.491,1.46
2.493,1.46
2.494,1.47
2.495,1.46
2.496,1.48
2.498,1.48
2.499,1.48
2.5,1.48
2.501,1.5
2.502,1.5
2.504,1.49
2.505,1.49
2.506,1.5
2.507,1.5
2.509,1.5
2.51,1.5
2.511,1.52
2.512,1.52
2.513,1.52
2.515,1.52
2.516,1.51
2.517,1.51
2.518,1.51
2.52,1.51
2.521,1.51
2.522,1.55
2.523,1.55
2.524,1.55
2.526,1.55
2.527,1.54
2.528,1.54
2.529,1.56
2.531,1.56
2.532,1.57
2.533,1.57
2.534,1.57
2.535,1.57
2.537,1.55
2.538,1.59
2.539,1.58
2.54,1.56
2.542,1.55
2.543,1.57
2.544,1.57
2.545,1.62
2.546,1.6
2.548,1.62
2.549,1.62
2.55,1.62
2.551,1.62
2.553,1.62
2.554,1.62
2.555,1.64
2.556,1.64
2.557,1.63
2.559,1.63
2.56,1.64
2.561,1.64
2.562,1.65
2.564,1.65
2.565,1.69
2.566,1.68
2.567,1.66
2.568,1.66
2.57,1.68
2.571,1.68
2.572,1.69
2.573,1.68
2.574,1.7
2.576,1.69
2.577,1.69
2.578,1.69
2.579,1.68
2.581,1.68
2.582,1.71
2.583,1.71
2.584,1.71
2.585,1.71
2.587,1.71
2.588,1.7
2.589,1.75
2.59,1.74
2.592,1.73
2.593,1.73
2.594,1.76
2.595,1.76
2.596,1.77
2.598,1.76
2.599,1.77
2.6,1.76
2.601,1.77
2.603,1.76
2.604,1.76
2.605,1.76
2.606,1.76
2.607,1.77
2.609,1.77
2.61,1.76
2.611,1.76
2.612,1.79
2.614,1.78
2.615,1.79
2.616,1.78
2.617,1.82
2.618,1.81
2.62,1.79
2.621,1.79
2.622,1.8
2.623,1.8
2.625,1.83
2.626,1.82
2.627,1.84
2.628,1.83
2.629,1.84
2.631,1.83
2.632,1.83
2.633,1.83
2.634,1.84
2.636,1.84
2.637,1.85
2.638,1.84
2.639,1.87
2.64,1.86
2.642,1.89
2.643,1.88
2.644,1.89
2.645,1.89
2.647,1.88
2.648,1.88
2.649,1.91
2.65,1.9
2.651,1.95
2.653,1.94
2.654,1.94
2.655,1.93
2.656,1.9
2.658,1.9
2.659,1.95
2.66,1.95
2.661,1.97
2.662,1.96
2.664,1.97
2.665,1.96
2.666,1.98
2.667,1.98
2.669,1.95
2.67,1.95
2.671,1.96
2.672,1.96
2.673,2.01
2.675,2
2.676,2
2.677,2
2.678,2
2.68,2
2.681,2
2.682,2
2.683,2.03
2.684,2.02
2.686,2.03
2.687,2.02
2.688,2.01
2.689,2.01
2.691,2.02
2.692,2.02
2.693,2.05
2.694,2.04
2.695,2.07
2.697,2.06
2.698,2.07
2.699,2.06
2.7,2.07
2.702,2.1
2.703,2.09
2.704,2.08
2.705,2.08
2.706,2.08
2.708,2.08
2.709,2.08
2.71,2.15
2.711,2.14
2.713,2.11
2.714,2.1
2.715,2.15
2.716,2.15
2.717,2.11
2.719,2.12
2.72,2.12
2.721,2.11
2.722,2.18
2.723,2.17
2.725,2.16
2.726,2.15
2.727,2.16
2.728,2.16
2.73,2.17
2.731,2.17
2.732,2.19
2.733,2.18
2.734,2.22
2.736,2.21
2.737,2.2
2.738,2.19
2.739,2.18
2.741,2.18
2.742,2.24
2.743,2.24
2.744,2.25
2.745,2.24
2.747,2.25
2.748,2.23
2.749,2.22
2.75,2.3
2.752,2.29
2.753,2.24
2.754,2.23
2.755,2.28
2.756,2.29
2.758,2.28
2.759,2.28
2.76,2.27
2.761,2.26
2.763,2.26
2.764,2.32
2.765,2.31
2.766,2.31
2.767,2.31
2.769,2.3
2.77,2.33
2.771,2.32
2.772,2.32
2.774,2.32
2.775,2.31
2.776,2.31
2.777,2.34
2.778,2.34
2.78,2.36
2.781,2.35
2.782,2.36
2.783,2.35
2.785,2.35
2.786,2.4
2.787,2.39
2.788,2.39
2.789,2.38
2.791,2.35
2.792,2.35
2.793,2.36
2.794,2.36
2.796,2.4
2.797,2.39
2.798,2.42
2.799,2.41
2.8,2.43
2.802,2.43
2.803,2.43
2.804,2.43
2.805,2.4
2.807,2.42
2.808,2.47
2.809,2.46
2.81,2.48
2.811,2.47
2.813,2.47
2.814,2.48
2.815,2.46
2.816,2.47
2.818,2.47
2.819,2.47
2.82,2.53
2.821,2.52
2.822,2.53
2.824,2.52
2.825,2.52
2.826,2.52
2.827,2.51
2.829,2.51
2.83,2.52
2.831,2.51
2.832,2.52
2.833,2.52
2.835,2.52
2.836,2.57
2.837,2.56
2.838,2.6
2.84,2.59
2.841,2.59
2.842,2.59
2.843,2.56
2.844,2.57
2.846,2.57
2.847,2.57
2.848,2.61
2.849,2.6
2.851,2.62
2.852,2.61
2.853,2.64
2.854,2.64
2.855,2.63
2.857,2.64
2.858,2.65
2.859,2.61
2.86,2.62
2.862,2.65
2.863,2.65
2.864,2.69
2.865,2.68
2.866,2.7
2.868,2.69
2.869,2.73
2.87,2.73
2.871,2.71
2.872,2.71
2.874,2.67
2.875,2.67
2.876,2.73
2.877,2.72
2.879,2.74
2.88,2.73
2.881,2.8
2.882,2.8
2.883,2.77
2.885,2.77
2.886,2.78
2.887,2.78
2.888,2.79
2.89,2.78
2.891,2.86
2.892,2.78
2.893,2.82
2.894,2.82
2.896,2.79
2.897,2.8
2.898,2.83
2.899,2.83
2.901,2.85
2.902,2.84
2.903,2.87
2.904,2.85
2.905,2.87
2.907,2.87
2.908,2.83
2.909,2.84
2.91,2.89
2.912,2.88
2.913,2.88
2.914,2.87
2.915,2.91
2.916,2.9
2.918,2.91
2.919,2.91
2.92,2.89
2.921,2.9
2.923,2.95
2.924,2.94
2.925,2.93
2.926,2.91
2.927,2.94
2.929,2.93
2.93,3.02
2.931,3.01
2.932,2.94
2.934,2.94
2.935,2.99
2.936,2.99
2.937,3
2.938,2.98
2.94,3.03
2.941,3.01
2.942,3.01
2.943,3
2.945,3.01
2.946,3
2.947,2.98
2.948,2.98
2.949,3.08
2.951,3.08
2.952,3.01
2.953,2.99
2.954,3.12
2.956,3.1
2.957,3.07
2.958,3.07
2.959,3.05
2.96,3.05
2.962,3.15
2.963,3.14
2.964,3.15
2.965,3.13
2.967,3.13
2.968,3.11
2.969,3.14
2.97,3.13
2.971,3.12
2.973,3.12
2.974,3.18
2.975,3.17
2.976,3.15
2.978,3.13
2.979,3.22
2.98,3.2
2.981,3.15
2.982,3.14
2.984,3.22
2.985,3.22
2.986,3.22
2.987,3.22
2.989,3.26
2.99,3.24
2.991,3.26
2.992,3.24
2.993,3.27
2.995,3.26
2.996,3.22
2.997,3.22
2.998,3.3
3,3.29
3.001,3.29
3.002,3.27
3.003,3.31
3.004,3.29
3.006,3.31
3.007,3.3
3.008,3.33
3.009,3.33
3.011,3.35
3.012,3.35
3.013,3.36
3.014,3.38
3.015,3.39
3.017,3.37
3.018,3.37
3.019,3.36
3.02,3.38
3.021,3.4
3.023,3.42
3.024,3.41
3.025,3.45
3.026,3.43
3.028,3.48
3.029,3.46
3.03,3.43
3.031,3.42
3.032,3.41
3.034,3.41
3.035,3.45
3.036,3.45
3.037,3.46
3.039,3.44
3.04,3.45
3.041,3.45
3.042,3.44
3.043,3.49
3.045,3.47
3.046,3.48
3.047,3.47
3.048,3.49
3.05,3.49
3.051,3.53
3.052,3.53
3.053,3.52
3.054,3.48
3.056,3.48
3.057,3.51
3.058,3.49
3.059,3.6
3.061,3.58
3.062,3.6
3.063,3.59
3.064,3.56
3.065,3.56
3.067,3.61
3.068,3.61
3.069,3.68
3.07,3.66
3.072,3.67
3.073,3.67
3.074,3.66
3.075,3.67
3.076,3.66
3.078,3.68
3.079,3.67
3.08,3.67
3.081,3.67
3.083,3.72
3.084,3.71
3.085,3.72
3.086,3.71
3.087,3.79
3.089,3.76
3.09,3.76
3.091,3.74
3.092,3.71
3.094,3.71
3.095,3.8
3.096,3.8
3.097,3.83
3.098,3.82
3.1,3.81
3.101,3.78
3.102,3.83
3.103,3.82
3.105,3.8
3.106,3.8
3.107,3.81
3.108,3.81
3.109,3.82
3.111,3.81
3.112,3.85
3.113,3.84
3.114,3.86
3.116,3.85
3.117,3.87
3.118,3.87
3.119,3.88
3.12,3.88
3.122,3.92
3.123,3.91
3.124,3.95
3.125,3.94
3.127,3.97
3.128,3.96
3.129,3.9
3.13,3.9
3.131,3.96
3.133,3.96
3.134,4
3.135,3.98
3.136,4.01
3.138,3.99
3.139,4.05
3.14,4.05
3.141,3.96
3.142,3.96
3.144,4.05
3.145,4.05
3.146,4.08
3.147,4.06
3.149,4.09
3.15,4.07
3.151,4.13
3.152,4.12
3.153,4.08
3.155,4.09
3.156,4.13
3.157,4.1
3.158,4.09
3.16,4.07
3.161,4.16
3.162,4.14
3.163,4.14
3.164,4.15
3.166,4.14
3.167,4.15
3.168,4.19
3.169,4.19
3.17,4.21
3.172,4.18
3.173,4.22
3.174,4.21
3.175,4.27
3.177,4.26
3.178,4.31
3.179,4.32
3.18,4.23
3.181,4.23
3.183,4.3
3.184,4.32
3.185,4.32
3.186,4.31
3.188,4.32
3.189,4.31
3.19,4.31
3.191,4.31
3.192,4.29
3.194,4.39
3.195,4.38
3.196,4.34
3.197,4.34
3.199,4.38
3.2,4.37
3.201,4.35
3.202,4.33
3.203,4.44
3.205,4.42
3.206,4.49
3.207,4.48
3.208,4.37
3.21,4.38
3.211,4.39
3.212,4.39
3.213,4.44
3.214,4.42
3.216,4.46
3.217,4.44
3.218,4.5
3.219,4.49
3.221,4.41
3.222,4.42
3.223,4.47
3.224,4.47
3.225,4.52
3.227,4.5
3.228,4.53
3.229,4.51
3.23,4.57
3.232,4.56
3.233,4.49
3.234,4.5
3.235,4.55
3.236,4.55
3.238,4.59
3.239,4.57
3.24,4.61
3.241,4.59
3.243,4.64
3.244,4.63
3.245,4.57
3.246,4.58
3.247,4.64
3.249,4.64
3.25,4.7
3.251,4.68
3.252,4.78
3.254,4.75
3.255,4.73
3.256,4.72
3.257,4.64
3.258,4.65
3.26,4.78
3.261,4.77
3.262,4.81
3.263,4.79
3.265,4.75
3.266,4.73
3.267,4.82
3.268,4.81
3.269,4.75
3.271,4.76
3.272,4.81
3.273,4.81
3.274,4.83
3.276,4.82
3.277,4.85
3.278,4.83
3.279,4.88
3.28,4.86
3.282,4.79
3.283,4.79
3.284,4.84
3.285,4.83
3.287,4.89
3.288,4.87
3.289,4.89
3.29,4.87
3.291,4.88
3.293,4.88
3.294,4.88
3.295,4.89
3.296,4.99
3.298,4.93
3.299,4.92
3.3,4.9
3.301,5
3.302,4.97
3.304,5.02
3.305,5
3.306,4.96
3.307,4.97
3.309,4.97
3.31,4.97
3.311,5.03
3.312,5.01
3.313,5.02
3.315,5
3.316,5.1
3.317,5.08
3.318,5.07
3.319,5.08
3.321,5.07
3.322,5.07
3.323,5.07
3.324,5.08
3.326,5.08
3.327,5.09
3.328,5.07
3.329,5.15
3.33,5.12
3.332,5.34
3.333,5.14
3.334,5.17
3.335,5.17
3.337,5.26
3.338,5.26
3.339,5.24
3.34,5.21
3.341,5.27
3.343,5.24
3.344,5.33
3.345,5.32
3.346,5.25
3.348,5.25
3.349,5.29
3.35,5.29
3.351,5.32
3.352,5.29
3.354,5.38
3.355,5.35
3.356,5.39
3.357,5.37
3.359,5.37
3.36,5.37
3.361,5.34
3.362,5.34
3.363,5.43
3.365,5.4
3.366,5.52
3.367,5.49
3.368,5.53
3.37,5.51
3.371,5.45
3.372,5.45
3.373,5.43
3.374,5.42
3.376,5.53
3.377,5.5
3.378,5.51
3.379,5.5
3.381,5.5
3.382,5.57
3.383,5.54
3.384,5.58
3.385,5.58
3.387,5.64
3.388,5.65
3.389,5.6
3.39,5.6
3.392,5.65
3.393,5.63
3.394,5.69
3.395,5.66
3.396,5.72
3.398,5.71
3.399,5.65
3.4,5.66
3.401,5.66
3.403,5.66
3.404,5.77
3.405,5.74
3.406,5.73
3.407,5.7
3.409,5.79
3.41,5.77
3.411,5.72
3.412,5.73
3.414,5.77
3.415,5.76
3.416,5.87
3.417,5.84
3.418,5.87
3.42,5.85
3.421,5.86
3.422,5.87
3.423,5.78
3.425,5.88
3.426,5.74
3.427,5.73
3.428,5.72
3.429,5.72
3.431,5.72
3.432,5.71
3.433,5.93
3.434,5.9
3.436,6
3.437,5.99
3.438,5.9
3.439,5.91
3.44,5.9
3.442,5.9
3.443,5.91
3.444,5.9
3.445,5.91
3.447,5.9
3.448,5.9
3.449,6.02
3.45,6
3.451,6.06
3.453,6.05
3.454,6.05
3.455,6.05
3.456,6.04
3.457,5.98
3.459,5.98
3.46,6.02
3.461,6.01
3.462,6.16
3.464,6.13
3.465,6.16
3.466,6.12
3.467,6.29
3.468,6.27
3.47,6.18
3.471,6.18
3.472,6.17
3.473,6.24
3.475,6.24
3.476,6.18
3.477,6.17
3.478,6.31
3.479,6.29
3.481,6.3
3.482,6.29
3.483,6.35
3.484,6.34
3.486,6.44
3.487,6.41
3.488,6.4
3.489,6.37
3.49,6.43
3.492,6.42
3.493,6.34
3.494,6.34
3.495,6.46
3.497,6.45
3.498,6.48
3.499,6.46
3.5,6.45
3.501,6.42
3.503,6.47
3.504,6.45
3.505,6.44
3.506,6.45
3.508,6.51
3.509,6.51
3.51,6.59
3.511,6.56
3.512,6.59
3.514,6.56
3.515,6.47
3.516,6.54
3.517,6.5
3.519,6.51
3.52,6.51
3.521,6.5
3.522,6.5
3.523,6.51
3.525,6.5
3.526,6.58
3.527,6.55
3.528,6.73
3.53,6.7
3.531,6.74
3.532,6.72
3.533,6.66
3.534,6.67
3.536,6.81
3.537,6.8
3.538,6.81
3.539,6.78
3.541,6.83
3.542,6.79
3.543,6.8
3.544,6.8
3.545,6.77
3.547,6.78
3.548,6.77
3.549,6.77
3.55,6.89
3.552,6.86
3.553,6.92
3.554,6.89
3.555,6.95
3.556,6.92
3.558,6.9
3.559,6.91
3.56,6.86
3.561,6.85
3.563,7
3.564,6.97
3.565,7.04
3.566,7.01
3.567,7.04
3.569,7.02
3.57,6.93
3.571,6.94
3.572,6.95
3.574,6.94
3.575,7.05
3.576,7.02
3.577,7.07
3.578,7.04
3.58,7.21
3.581,7.19
3.582,7.02
3.583,7.02
3.585,7.02
3.586,7.01
3.587,7.16
3.588,7.12
3.589,7.14
3.591,7.11
3.592,7.21
3.593,7.19
3.594,7.07
3.596,7.08
3.597,7.14
3.598,7.13
3.599,7.24
3.6,7.21
3.602,7.32
3.603,7.29
3.604,7.29
3.605,7.28
3.606,7.22
3.608,7.22
3.609,7.25
3.61,7.24
3.611,7.37
3.613,7.34
3.614,7.4
3.615,7.37
3.616,7.42
3.617,7.4
3.619,7.49
3.62,7.5
3.621,7.35
3.622,7.34
3.624,7.55
3.625,7.51
3.626,7.52
3.627,7.49
3.628,7.63
3.63,7.61
3.631,7.56
3.632,7.57
3.633,7.57
3.635,7.51
3.636,7.62
3.637,7.58
3.638,7.64
3.639,7.61
3.641,7.67
3.642,7.65
3.643,7.64
3.644,7.64
3.646,7.66
3.647,7.65
3.648,7.73
3.649,7.7
3.65,7.73
3.652,7.7
3.653,7.79
3.654,7.76
3.655,7.8
3.657,7.81
3.658,7.89
3.659,7.79
3.66,7.83
3.661,7.79
3.663,7.85
3.664,7.82
3.665,7.83
3.666,7.83
3.668,7.84
3.669,7.76
3.67,7.76
3.671,7.8
3.672,7.76
3.674,7.78
3.675,7.77
3.676,7.76
3.677,8.11
3.679,7.94
3.68,7.99
3.681,7.97
3.682,8.04
3.683,8.05
3.685,7.97
3.686,7.97
3.687,8.11
3.688,8.08
3.69,8.08
3.691,8.04
3.692,8.12
3.693,8.1
3.694,8.19
3.696,8.2
3.697,8.01
3.698,8.01
3.699,8.18
3.701,8.13
3.702,8.17
3.703,8.13
3.704,8.17
3.705,8.15
3.707,8.26
3.708,8.24
3.709,8.2
3.71,8.2
3.712,8.34
3.713,8.29
3.714,8.31
3.715,8.27
3.716,8.4
3.718,8.37
3.719,8.23
3.72,8.24
3.721,8.28
3.723,8.28
3.724,8.41
3.725,8.36
3.726,8.39
3.727,8.36
3.729,8.39
3.73,8.37
3.731,8.39
3.732,8.39
3.734,8.39
3.735,8.38
3.736,8.47
3.737,8.44
3.738,8.43
3.74,8.39
3.741,8.5
3.742,8.47
3.743,8.5
3.745,8.51
3.746,8.46
3.747,8.46
3.748,8.61
3.749,8.57
3.751,8.58
3.752,8.57
3.753,8.56
3.754,8.68
3.755,8.63
3.757,8.7
3.758,8.67
3.759,8.76
3.76,8.77
3.762,8.79
3.763,8.78
3.764,8.82
3.765,8.78
3.766,8.84
3.768,8.8
3.769,8.9
3.77,8.77
3.771,8.78
3.773,8.78
3.774,8.78
3.775,8.77
3.776,8.91
3.777,8.85
3.779,8.97
3.78,8.93
3.781,8.96
3.782,8.94
3.784,8.87
3.785,8.88
3.786,8.89
3.787,8.88
3.788,9.05
3.79,9.01
3.791,9.01
3.792,8.98
3.793,9
3.795,8.98
3.796,9.06
3.797,9.07
3.798,9.03
3.799,9.02
3.801,9.15
3.802,9.11
3.803,9.19
3.804,9.15
3.806,9.09
3.807,9.07
3.808,9.09
3.809,9.1
3.81,9.13
3.812,9.12
3.813,9.23
3.814,9.18
3.815,9.35
3.817,9.3
3.818,9.3
3.819,9.31
3.82,9.27
3.821,9.23
3.823,9.2
3.824,9.37
3.825,9.38
3.826,9.25
3.828,9.24
3.829,9.38
3.83,9.34
3.831,9.41
3.832,9.37
3.834,9.57
3.835,9.54
3.836,9.43
3.837,9.44
3.839,9.46
3.84,9.45
3.841,9.51
3.842,9.46
3.843,9.57
3.845,9.52
3.846,9.66
3.847,9.63
3.848,9.48
3.85,9.49
3.851,9.6
3.852,9.6
3.853,9.71
3.854,9.63
3.856,9.81
3.857,9.61
3.858,9.66
3.859,9.63
3.861,9.65
3.862,9.66
3.863,9.72
3.864,9.71
3.865,9.84
3.867,9.79
3.868,9.9
3.869,9.85
3.87,9.77
3.872,9.74
3.873,9.72
3.874,9.75
3.875,9.72
3.876,9.84
3.878,9.84
3.879,9.82
3.88,9.81
3.881,9.76
3.883,9.71
3.884,10.03
3.885,9.98
3.886,9.99
3.887,9.96
3.889,9.87
3.89,9.87
3.891,10.06
3.892,10.06
3.894,10.12
3.895,10.07
3.896,10.18
3.897,10.12
3.898,10.19
3.9,10.16
3.901,10.06
3.902,10.07
3.903,10.1
3.904,10.1
3.906,10.16
3.907,10.04
3.908,10.01
3.909,10
3.911,10.01
3.912,10
3.913,9.99
3.914,10.48
3.915,10.33
3.917,10.3
3.918,10.25
3.919,10.13
3.92,10.13
3.922,10.37
3.923,10.37
3.924,10.43
3.925,10.38
3.926,10.49
3.928,10.44
3.929,10.55
3.93,10.52
3.931,10.5
3.933,10.51
3.934,10.51
3.935,10.51
3.936,10.39
3.937,10.33
3.939,10.72
3.94,10.67
3.941,10.47
3.942,10.44
3.944,10.48
3.945,10.5
3.946,10.46
3.947,10.46
3.948,10.64
3.95,10.59
3.951,10.78
3.952,10.73
3.953,10.64
3.955,10.69
3.956,10.65
3.957,10.66
3.958,10.62
3.959,10.61
3.961,10.77
3.962,10.72
3.963,10.9
3.964,10.85
3.966,10.75
3.967,10.72
3.968,10.73
3.969,10.75
3.97,10.74
3.972,10.74
3.973,10.88
3.974,10.83
3.975,10.98
3.977,10.93
3.978,10.95
3.979,10.91
3.98,10.91
3.981,10.92
3.983,10.86
3.984,10.86
3.985,11.05
3.986,10.99
3.988,11.42
3.989,11.21
3.99,11.18
3.991,11.14
3.992,11.08
3.994,11.09
3.995,11.18
3.996,11.18
3.997,11.42
3.999,11.36
4,11.32
4.001,11.27
4.002,11.26
4.003,11.23
4.005,11.23
4.006,11.24
4.007,11.22
4.008,11.18
4.01,11.17
4.011,11.2
4.012,11.2
4.013,11.24
4.014,11.18
4.016,11.45
4.017,11.39
4.018,11.67
4.019,11.34
4.021,11.33
4.022,11.37
4.023,11.33
4.024,11.34
4.025,11.34
4.027,11.35
4.028,11.35
4.029,11.52
4.03,11.46
4.032,11.63
4.033,11.58
4.034,11.59
4.035,11.61
4.036,11.52
4.038,11.53
4.039,11.53
4.04,11.53
4.041,11.62
4.043,11.57
4.044,11.75
4.045,11.69
4.046,11.83
4.047,11.79
4.049,11.59
4.05,11.6
4.051,11.58
4.052,11.58
4.053,11.74
4.055,11.69
4.056,11.83
4.057,11.77
4.058,11.77
4.06,11.88
4.061,11.82
4.062,11.87
4.063,11.84
4.064,11.75
4.066,11.76
4.067,12.03
4.068,12.02
4.069,12.08
4.071,12.02
4.072,12.05
4.073,12.04
4.074,12.03
4.075,12.04
4.077,11.78
4.078,11.77
4.079,12.08
4.08,12.01
4.082,12.14
4.083,12.11
4.084,12.05
4.085,12.07
4.086,12.14
4.088,12.14
4.089,12.15
4.09,12.1
4.091,12.32
4.093,12.27
4.094,12.24
4.095,12.21
4.096,12.13
4.097,12.14
4.099,12.16
4.1,12.16
4.101,12.35
4.102,12.13
4.104,12.13
4.105,12.18
4.106,12.13
4.107,12.39
4.108,12.33
4.11,12.31
4.111,12.29
4.112,12.52
4.113,12.54
4.115,12.47
4.116,12.47
4.117,12.47
4.118,12.42
4.119,12.62
4.121,12.56
4.122,12.68
4.123,12.66
4.124,12.52
4.126,12.54
4.127,12.69
4.128,12.68
4.129,12.71
4.13,12.65
4.132,12.79
4.133,12.73
4.134,12.76
4.135,12.74
4.137,12.62
4.138,12.63
4.139,12.86
4.14,12.58
4.141,12.58
4.143,12.76
4.144,12.75
4.145,12.63
4.146,12.6
4.148,12.57
4.149,12.92
4.15,12.91
4.151,12.98
4.152,12.94
4.154,13.02
4.155,12.96
4.156,12.95
4.157,12.93
4.159,12.86
4.16,12.88
4.161,13.1
4.162,13.09
4.163,13.05
4.165,12.98
4.166,13.07
4.167,13.01
4.168,13.16
4.17,13.13
4.171,12.97
4.172,12.98
4.173,13.22
4.174,13.21
4.176,13.2
4.177,13.13
4.178,13.32
4.179,13.25
4.181,13.23
4.182,13.2
4.183,13.1
4.184,13.11
4.185,13.39
4.187,13.38
4.188,13.32
4.189,13.25
4.19,13.35
4.191,13.28
4.193,13.37
4.194,13.34
4.195,13.26
4.196,13.27
4.198,13.52
4.199,13.51
4.2,13.47
4.201,13.4
4.202,13.65
4.204,13.58
4.205,13.59
4.206,13.65
4.207,13.4
4.209,13.42
4.21,13.72
4.211,13.71
4.212,13.7
4.213,13.63
4.215,13.75
4.216,13.67
4.217,13.69
4.218,13.7
4.22,13.64
4.221,13.65
4.222,13.86
4.223,13.73
4.224,13.73
4.226,13.67
4.227,13.83
4.228,13.77
4.229,13.92
4.231,13.87
4.232,13.93
4.233,13.72
4.234,13.87
4.235,13.85
4.237,13.77
4.238,13.71
4.239,13.74
4.24,13.71
4.242,13.71
4.243,14
4.244,13.94
4.245,13.88
4.246,13.85
4.248,13.91
4.249,13.91
4.25,14.03
4.251,14.02
4.253,13.97
4.254,13.9
4.255,14.03
4.256,13.97
4.257,13.96
4.259,14.23
4.26,14.16
4.261,14.22
4.262,14.19
4.264,14.09
4.265,14.09
4.266,14.31
4.267,14.31
4.268,14.42
4.27,14.35
4.271,14.4
4.272,14.32
4.273,14.48
4.275,14.44
4.276,14.36
4.277,14.35
4.278,14.51
4.279,14.5
4.281,14.51
4.282,14.44
4.283,14.82
4.284,14.35
4.286,14.57
4.287,14.52
4.288,14.53
4.289,14.53
4.29,14.68
4.292,14.54
4.293,14.68
4.294,14.63
4.295,14.74
4.297,14.77
4.298,14.71
4.299,14.68
4.3,14.54
4.301,14.66
4.303,14.55
4.304,14.54
4.305,14.74
4.306,14.66
4.308,14.82
4.309,14.75
4.31,14.77
4.311,14.78
4.312,14.72
4.314,14.78
4.315,14.8
4.316,14.79
4.317,14.81
4.319,14.75
4.32,15.07
4.321,14.91
4.322,15.05
4.323,15.02
4.325,14.93
4.326,15.03
4.327,14.92
4.328,14.9
4.33,15.18
4.331,15.11
4.332,15.18
4.333,15.11
4.334,15.08
4.336,15.03
4.337,15.08
4.338,15.09
4.339,15.09
4.34,15.08
4.342,15.3
4.343,15.23
4.344,15.34
4.345,15.26
4.347,15.31
4.348,15.27
4.349,15.23
4.35,15.25
4.351,15.47
4.353,15.46
4.354,15.51
4.355,15.42
4.356,15.45
4.358,15.38
4.359,15.56
4.36,15.52
4.361,15.48
4.362,15.5
4.364,15.42
4.365,15.41
4.366,15.46
4.367,15.42
4.369,15.79
4.37,15.72
4.371,15.63
4.372,15.6
4.373,15.55
4.375,15.58
4.376,15.47
4.377,15.46
4.378,15.68
4.38,15.61
4.381,15.76
4.382,15.7
4.383,15.88
4.384,15.85
4.386,15.59
4.387,15.82
4.388,15.64
4.389,15.6
4.391,15.57
4.392,15.6
4.393,15.58
4.394,15.57
4.395,15.8
4.397,15.73
4.398,16.1
4.399,16.05
4.4,15.95
4.402,15.97
4.403,15.95
4.404,15.95
4.405,15.93
4.406,15.84
4.408,16.09
4.409,16.02
4.41,16.04
4.411,16.05
4.413,15.98
4.414,16
4.415,16.03
4.416,16.02
4.417,16.2
4.419,16.13
4.42,16.13
4.421,16.06
4.422,16.48
4.424,16.43
4.425,16.13
4.426,16.15
4.427,16.38
4.428,16.39
4.43,16.43
4.431,16.36
4.432,16.43
4.433,16.36
4.435,16.76
4.436,16.72
4.437,16.42
4.438,16.42
4.439,16.42
4.441,16.4
4.442,16.56
4.443,16.48
4.444,16.7
4.446,16.6
4.447,16.85
4.448,16.81
4.449,16.59
4.45,16.6
4.452,16.61
4.453,16.6
4.454,16.7
4.455,16.63
4.457,16.87
4.458,16.78
4.459,16.85
4.46,16.8
4.461,16.64
4.463,16.65
4.464,16.91
4.465,16.9
4.466,16.82
4.468,16.76
4.469,16.9
4.47,16.82
4.471,16.95
4.472,16.91
4.474,16.82
4.475,16.83
4.476,16.94
4.477,16.93
4.479,17.09
4.48,17.02
4.481,17.16
4.482,17.08
4.483,17.2
4.485,17.15
4.486,17.12
4.487,17.18
4.488,17.13
4.489,16.88
4.491,16.86
4.492,17.02
4.493,17.29
4.494,17.31
4.496,17.23
4.497,17.26
4.498,17.18
4.499,17.19
4.5,17.21
4.502,17.36
4.503,17.37
4.504,17.4
4.505,17.38
4.507,17.39
4.508,17.13
4.509,17.11
4.51,17.18
4.511,17.13
4.513,17.38
4.514,17.29
4.515,17.52
4.516,17.47
4.518,17.32
4.519,17.33
4.52,17.37
4.521,17.36
4.522,17.52
4.524,17.46
4.525,17.72
4.526,17.87
4.527,17.87
4.529,17.76
4.53,17.67
4.531,17.83
4.532,17.79
4.533,17.62
4.535,17.65
4.536,17.74
4.537,17.73
4.538,17.76
4.54,17.69
4.541,17.73
4.542,17.69
4.543,17.7
4.544,17.84
4.546,17.75
4.547,17.99
4.548,17.94
4.549,17.9
4.551,17.92
4.552,18.05
4.553,18.03
4.554,18.13
4.555,18.06
4.557,18.04
4.558,17.92
4.559,18.13
4.56,18.08
4.562,18.01
4.563,18.03
4.564,17.97
4.565,17.97
4.566,18.25
4.568,18.19
4.569,18.23
4.57,18.19
4.571,18.18
4.573,18.44
4.574,18.34
4.575,18.37
4.576,18.39
4.577,18.37
4.579,18.39
4.58,18.22
4.581,18.2
4.582,18.43
4.584,18.34
4.585,18.48
4.586,18.38
4.587,18.56
4.588,18.51
4.59,18.32
4.591,18.34
4.592,18.35
4.593,18.33
4.595,18.54
4.596,18.46
4.597,18.63
4.598,18.53
4.599,18.69
4.601,18.63
4.602,18.45
4.603,18.47
4.604,18.51
4.606,18.48
4.607,18.96
4.608,18.87
4.609,19.01
4.61,18.9
4.612,19.11
4.613,18.66
4.614,18.88
4.615,18.91
4.617,18.72
4.618,18.7
4.619,19.07
4.62,18.98
4.621,18.97
4.623,18.88
4.624,19
4.625,18.94
4.626,18.83
4.628,19.14
4.629,18.81
4.63,18.76
4.631,18.73
4.632,18.75
4.634,18.73
4.635,18.72
4.636,19.48
4.637,19.07
4.638,19.31
4.64,19.25
4.641,19.07
4.642,19.09
4.643,19.2
4.645,19.19
4.646,19.45
4.647,19.37
4.648,19.36
4.649,19.28
4.651,19.38
4.652,19.32
4.653,19.56
4.654,19.57
4.656,19.18
4.657,19.17
4.658,19.78
4.659,19.67
4.66,19.46
4.662,19.34
4.663,19.55
4.664,19.49
4.665,19.35
4.667,19.35
4.668,19.5
4.669,19.48
4.67,19.72
4.671,19.63
4.673,19.67
4.674,19.64
4.675,19.63
4.676,19.65
4.678,19.56
4.679,19.59
4.68,19.6
4.681,19.53
4.682,19.55
4.684,19.51
4.685,19.49
4.686,19.83
4.687,19.74
4.689,19.84
4.69,19.75
4.691,19.75
4.692,19.93
4.693,19.83
4.695,20.07
4.696,20.01
4.697,19.83
4.698,19.85
4.7,19.96
4.701,19.93
4.702,20.21
4.703,20.1
4.704,20.23
4.706,20.11
4.707,20.33
4.708,20.28
4.709,20.1
4.711,20.12
4.712,20.04
4.713,20.02
4.714,20.34
4.715,20.27
4.717,20.2
4.718,20.07
4.719,20.38
4.72,20.33
4.722,20.18
4.723,20.2
4.724,20.27
4.725,20.25
4.726,20.45
4.728,20.35
4.729,20.66
4.73,20.54
4.731,20.46
4.733,20.4
4.734,20.29
4.735,20.31
4.736,20.37
4.737,20.36
4.739,20.57
4.74,20.48
4.741,20.6
4.742,20.49
4.744,20.66
4.745,20.61
4.746,20.42
4.747,20.45
4.748,20.44
4.75,20.42
4.751,20.75
4.752,20.66
4.753,20.64
4.755,20.54
4.756,20.75
4.757,20.69
4.758,20.57
4.759,20.6
4.761,20.61
4.762,20.59
4.763,20.9
4.764,20.8
4.766,21.21
4.767,20.66
4.768,20.95
4.769,20.89
4.77,20.76
4.772,20.79
4.773,20.79
4.774,20.78
4.775,21.07
4.777,20.97
4.778,21.07
4.779,20.97
4.78,21.24
4.781,21.17
4.783,20.9
4.784,20.93
4.785,21.04
4.786,21.03
4.787,21.14
4.789,21.05
4.79,21.25
4.791,21.11
4.792,21.33
4.794,21.29
4.795,21.15
4.796,21.17
4.797,21.45
4.798,21.43
4.8,21.41
4.801,21.16
4.802,21.13
4.803,21.24
4.805,21.15
4.806,21.5
4.807,21.39
4.808,21.39
4.809,21.33
4.811,21.26
4.812,21.28
4.813,21.29
4.814,21.27
4.816,21.55
4.817,21.44
4.818,21.63
4.819,21.54
4.82,21.72
4.822,21.67
4.823,21.4
4.824,21.42
4.825,21.63
4.827,21.6
4.828,21.77
4.829,21.67
4.83,21.86
4.831,21.75
4.833,21.79
4.834,21.74
4.835,21.54
4.836,21.56
4.838,21.65
4.839,21.64
4.84,21.87
4.841,21.77
4.842,21.84
4.844,21.77
4.845,21.88
4.846,21.82
4.847,21.71
4.849,21.74
4.85,21.92
4.851,21.9
4.852,22.03
4.853,21.92
4.855,22.1
4.856,22.01
4.857,22.11
4.858,22.17
4.86,22.18
4.861,22.27
4.862,22.22
4.863,22.2
4.864,22.29
4.866,22.19
4.867,22.25
4.868,22.14
4.869,22.17
4.871,22.19
4.872,22.2
4.873,22.21
4.874,22.19
4.875,22.19
4.877,22.08
4.878,22.48
4.879,22.36
4.88,22.48
4.882,22.42
4.883,22.5
4.884,22.53
4.885,22.36
4.886,22.34
4.888,22.47
4.889,22.38
4.89,22.39
4.891,22.29
4.893,22.8
4.894,22.73
4.895,22.6
4.896,22.62
4.897,22.68
4.899,22.66
4.9,22.69
4.901,22.58
4.902,22.69
4.904,22.59
4.905,22.82
4.906,22.72
4.907,22.84
4.908,22.86
4.91,22.72
4.911,22.68
4.912,22.93
4.913,22.83
4.915,22.93
4.916,22.83
4.917,22.89
4.918,22.83
4.919,23.14
4.921,23.17
4.922,22.86
4.923,22.84
4.924,22.93
4.926,22.82
4.927,23.02
4.928,22.92
4.929,23.11
4.93,23.05
4.932,23.27
4.933,23.29
4.934,22.91
4.935,22.89
4.936,23.24
4.938,23.13
4.939,23.22
4.94,23.11
4.941,23.22
4.943,23.17
4.944,23.3
4.945,23.32
4.946,23.32
4.947,23.3
4.949,23.41
4.95,23.32
4.951,23.53
4.952,23.43
4.954,23.43
4.955,23.36
4.956,23.23
4.957,23.25
4.958,23.25
4.96,23.23
4.961,23.55
4.962,23.44
4.963,23.52
4.965,23.4
4.966,23.38
4.967,23.31
4.968,23.34
4.969,23.36
4.971,23.35
4.972,23.34
4.973,23.58
4.974,23.48
4.976,23.63
4.977,23.51
4.978,23.61
4.979,23.55
4.98,23.5
4.982,23.67
4.983,23.59
4.984,23.68
4.985,23.77
4.987,23.64
4.988,23.71
4.989,23.85
4.99,23.74
4.991,23.87
4.993,23.75
4.994,23.86
4.995,23.79
4.996,23.6
4.998,23.62
4.999,23.93
5,23.91
